algorithm,hv,time,r_precision,ndcg,clicks
SMS-EMOA,0.7399320367993301,4434882.9376,0.07744074726447281,0.1829508490841611,8.0649
NSGA-II,0.6893306384449018,3264444.592,0.07454830735566796,0.18091288177374346,8.1791
NOOP,0.16484120984758321,15717.5549,0.06692824343436941,0.1725153963460821,8.704
m-ACO,0.2896360358395284,2330488.1511,0.07804491897676416,0.1703010886083922,8.8715
