algorithm,hv,time
SMS-EMOA,0.7399320367993301,4434882.9376
NSGA-II,0.6893306384449018,3264444.592
NOOP,0.16484120984758321,15717.5549
m-ACO,0.2896360358395284,2330488.1511
